http://lacasadelhabano-knokke.be/images/stories/virtuemart/product/resized/corona-honduras_180x90.jpg;J. Cortès Corona Honduras;2;6.00€;belgian-cigars;full-boxes;
http://lacasadelhabano-knokke.be/images/stories/virtuemart/product/resized/exclusive-choice-24_180x90.jpg;J. Cortès Exclusive Choice;24;30.00€;belgian-cigars;full-boxes;
http://lacasadelhabano-knokke.be/images/stories/virtuemart/product/resized/collection-9_180x90.jpg;J. Cortès Collection;9;19.00€;belgian-cigars;full-boxes;
http://lacasadelhabano-knokke.be/images/stories/virtuemart/product/resized/perla-de-calvano-corona_180x90.jpg;J. Cortès Perla De Calvano Corona;5;10.00€;belgian-cigars;full-boxes;
http://lacasadelhabano-knokke.be/images/stories/virtuemart/product/resized/perla-de-calvano-robustos_180x90.jpg;J. Cortès Perla De Calvano Robusto;5;12.50€;belgian-cigars;full-boxes;
http://lacasadelhabano-knokke.be/images/stories/virtuemart/product/resized/mini_180x90.jpg;J. Cortès Mini;20;9.40€;belgian-cigars;full-boxes;
http://lacasadelhabano-knokke.be/images/stories/virtuemart/product/resized/classic_180x90.jpg;J. Cortès Classic;5;4.40€;belgian-cigars;full-boxes;
http://lacasadelhabano-knokke.be/images/stories/virtuemart/product/resized/club_180x90.jpg;J. Cortès Club;5;5.40€;belgian-cigars;full-boxes;
http://lacasadelhabano-knokke.be/images/stories/virtuemart/product/resized/presidency_180x90.jpg;J. Cortès Presidency;5;6.30€;belgian-cigars;full-boxes;
http://lacasadelhabano-knokke.be/images/stories/virtuemart/product/resized/high-class_180x90.jpg;J. Cortès High Class;2;6.00€;belgian-cigars;full-boxes;
http://lacasadelhabano-knokke.be/images/stories/virtuemart/product/resized/mini-honduras$_180x90.jpg;J. Cortès Mini Honduras;20;5.80€;belgian-cigars;full-boxes;
http://lacasadelhabano-knokke.be/images/stories/virtuemart/product/resized/panetela-honduras_180x90.jpg;J. Cortès Panetela Honduras;5;6.00€;belgian-cigars;full-boxes;
